[{"model": "admin.logentry", "pk": 1, "fields": {"action_time": "2025-12-13T19:26:02.651Z", "user": 1, "content_type": 7, "object_id": "1", "object_repr": "MDF e Chapas", "action_flag": 1, "change_message": "[{\"added\": {}}]"}}, {"model": "admin.logentry", "pk": 2, "fields": {"action_time": "2025-12-13T19:26:09.835Z", "user": 1, "content_type": 7, "object_id": "2", "object_repr": "Ferragens", "action_flag": 1, "change_message": "[{\"added\": {}}]"}}, {"model": "admin.logentry", "pk": 3, "fields": {"action_time": "2025-12-13T19:26:36.336Z", "user": 1, "content_type": 7, "object_id": "3", "object_repr": "Puxadores", "action_flag": 1, "change_message": "[{\"added\": {}}]"}}, {"model": "admin.logentry", "pk": 4, "fields": {"action_time": "2025-12-13T19:27:27.802Z", "user": 1, "content_type": 7, "object_id": "4", "object_repr": "Fitas de Borda", "action_flag": 1, "change_message": "[{\"added\": {}}]"}}, {"model": "admin.logentry", "pk": 5, "fields": {"action_time": "2025-12-13T19:27:33.043Z", "user": 1, "content_type": 7, "object_id": "5", "object_repr": "Colas", "action_flag": 1, "change_message": "[{\"added\": {}}]"}}, {"model": "admin.logentry", "pk": 6, "fields": {"action_time": "2025-12-13T19:28:21.921Z", "user": 1, "content_type": 15, "object_id": "1", "object_repr": "L", "action_flag": 1, "change_message": "[{\"added\": {}}]"}}, {"model": "admin.logentry", "pk": 7, "fields": {"action_time": "2025-12-13T19:28:35.895Z", "user": 1, "content_type": 15, "object_id": "2", "object_repr": "Pç", "action_flag": 1, "change_message": "[{\"added\": {}}]"}}, {"model": "admin.logentry", "pk": 8, "fields": {"action_time": "2025-12-13T19:28:40.341Z", "user": 1, "content_type": 15, "object_id": "3", "object_repr": "Un", "action_flag": 1, "change_message": "[{\"added\": {}}]"}}, {"model": "admin.logentry", "pk": 9, "fields": {"action_time": "2025-12-13T19:28:55.218Z", "user": 1, "content_type": 15, "object_id": "4", "object_repr": "Cx", "action_flag": 1, "change_message": "[{\"added\": {}}]"}}, {"model": "admin.logentry", "pk": 10, "fields": {"action_time": "2025-12-13T19:29:18.754Z", "user": 1, "content_type": 15, "object_id": "5", "object_repr": "Kg", "action_flag": 1, "change_message": "[{\"added\": {}}]"}}, {"model": "admin.logentry", "pk": 11, "fields": {"action_time": "2025-12-13T19:31:37.604Z", "user": 1, "content_type": 15, "object_id": "6", "object_repr": "M²", "action_flag": 1, "change_message": "[{\"added\": {}}]"}}, {"model": "admin.logentry", "pk": 12, "fields": {"action_time": "2025-12-13T19:31:39.893Z", "user": 1, "content_type": 10, "object_id": "1", "object_repr": "MDF BRANCO 15MM", "action_flag": 1, "change_message": "[{\"added\": {}}]"}}, {"model": "admin.logentry", "pk": 13, "fields": {"action_time": "2025-12-13T19:32:18.043Z", "user": 1, "content_type": 10, "object_id": "2", "object_repr": "DOBRADIÇA RETA C/ AMORTECEDOR", "action_flag": 1, "change_message": "[{\"added\": {}}]"}}, {"model": "admin.logentry", "pk": 14, "fields": {"action_time": "2025-12-13T19:35:49.679Z", "user": 1, "content_type": 15, "object_id": "7", "object_repr": "ML", "action_flag": 1, "change_message": "[{\"added\": {}}]"}}, {"model": "admin.logentry", "pk": 15, "fields": {"action_time": "2025-12-13T19:36:01.169Z", "user": 1, "content_type": 10, "object_id": "3", "object_repr": "FITA DE BORDA BRANCA 22MM", "action_flag": 1, "change_message": "[{\"added\": {}}]"}}, {"model": "admin.logentry", "pk": 16, "fields": {"action_time": "2025-12-13T19:36:28.737Z", "user": 1, "content_type": 10, "object_id": "4", "object_repr": "CORREDIÇA TELESCÓPICA 500MM", "action_flag": 1, "change_message": "[{\"added\": {}}]"}}, {"model": "admin.logentry", "pk": 17, "fields": {"action_time": "2025-12-13T19:37:21.872Z", "user": 1, "content_type": 14, "object_id": "1", "object_repr": "Cozinha Planejada", "action_flag": 1, "change_message": "[{\"added\": {}}]"}}, {"model": "admin.logentry", "pk": 18, "fields": {"action_time": "2025-12-13T19:37:29.384Z", "user": 1, "content_type": 14, "object_id": "2", "object_repr": "PAINEL DE TV SALA", "action_flag": 1, "change_message": "[{\"added\": {}}]"}}, {"model": "admin.logentry", "pk": 19, "fields": {"action_time": "2025-12-13T21:27:11.563Z", "user": 1, "content_type": 9, "object_id": "1", "object_repr": "DOBRADIÇA RETA C/ AMORTECEDOR para Cozinha Planejada", "action_flag": 1, "change_message": "[{\"added\": {}}]"}}, {"model": "admin.logentry", "pk": 20, "fields": {"action_time": "2025-12-13T21:27:50.802Z", "user": 1, "content_type": 9, "object_id": "1", "object_repr": "DOBRADIÇA RETA C/ AMORTECEDOR para Cozinha Planejada", "action_flag": 2, "change_message": "[{\"changed\": {\"fields\": [\"Quantidade Necess\\u00e1ria\"]}}]"}}, {"model": "admin.logentry", "pk": 21, "fields": {"action_time": "2025-12-13T21:28:09.856Z", "user": 1, "content_type": 9, "object_id": "1", "object_repr": "DOBRADIÇA RETA C/ AMORTECEDOR para Cozinha Planejada", "action_flag": 2, "change_message": "[{\"changed\": {\"fields\": [\"Quantidade Necess\\u00e1ria\"]}}]"}}, {"model": "admin.logentry", "pk": 22, "fields": {"action_time": "2025-12-14T00:27:33.887Z", "user": 1, "content_type": 12, "object_id": "1", "object_repr": "Pedido #1 - Status: RECEBIDO", "action_flag": 1, "change_message": "[{\"added\": {}}, {\"added\": {\"name\": \"Item do Pedido\", \"object\": \"DOBRADI\\u00c7A RETA C/ AMORTECEDOR (5)\"}}]"}}, {"model": "admin.logentry", "pk": 23, "fields": {"action_time": "2025-12-14T00:49:29.399Z", "user": 1, "content_type": 12, "object_id": "2", "object_repr": "Pedido #2 - Status: PENDENTE", "action_flag": 1, "change_message": "[{\"added\": {}}, {\"added\": {\"name\": \"Item do Pedido\", \"object\": \"DOBRADI\\u00c7A RETA C/ AMORTECEDOR (10)\"}}]"}}, {"model": "admin.logentry", "pk": 24, "fields": {"action_time": "2025-12-14T18:43:18.451Z", "user": 1, "content_type": 14, "object_id": "3", "object_repr": "Guarda Roupa", "action_flag": 1, "change_message": "[{\"added\": {}}, {\"added\": {\"name\": \"Item Necess\\u00e1rio\", \"object\": \"CORREDI\\u00c7A TELESC\\u00d3PICA 500MM para Guarda Roupa\"}}]"}}, {"model": "admin.logentry", "pk": 25, "fields": {"action_time": "2025-12-14T18:45:46.455Z", "user": 1, "content_type": 12, "object_id": "3", "object_repr": "Pedido #3 - Status: PENDENTE", "action_flag": 1, "change_message": "[{\"added\": {}}, {\"added\": {\"name\": \"Item do Pedido\", \"object\": \"CORREDI\\u00c7A TELESC\\u00d3PICA 500MM (12)\"}}]"}}, {"model": "admin.logentry", "pk": 26, "fields": {"action_time": "2025-12-14T18:48:32.840Z", "user": 1, "content_type": 14, "object_id": "4", "object_repr": "Cama", "action_flag": 1, "change_message": "[{\"added\": {}}, {\"added\": {\"name\": \"Item Necess\\u00e1rio\", \"object\": \"FITA DE BORDA BRANCA 22MM para Cama\"}}]"}}, {"model": "admin.logentry", "pk": 27, "fields": {"action_time": "2025-12-14T18:57:46.571Z", "user": 1, "content_type": 12, "object_id": "4", "object_repr": "Pedido #4 - Status: PENDENTE", "action_flag": 1, "change_message": "[{\"added\": {}}, {\"added\": {\"name\": \"Item do Pedido\", \"object\": \"MDF BRANCO 15MM (5)\"}}]"}}, {"model": "admin.logentry", "pk": 28, "fields": {"action_time": "2025-12-14T19:02:47.599Z", "user": 1, "content_type": 12, "object_id": "5", "object_repr": "Pedido #5 - Status: RECEBIDO", "action_flag": 1, "change_message": "[{\"added\": {}}, {\"added\": {\"name\": \"Item do Pedido\", \"object\": \"CORREDI\\u00c7A TELESC\\u00d3PICA 500MM (15)\"}}]"}}, {"model": "admin.logentry", "pk": 29, "fields": {"action_time": "2025-12-14T19:03:33.849Z", "user": 1, "content_type": 12, "object_id": "6", "object_repr": "Pedido #6 - Status: PENDENTE", "action_flag": 1, "change_message": "[{\"added\": {}}, {\"added\": {\"name\": \"Item do Pedido\", \"object\": \"MDF BRANCO 15MM (10)\"}}]"}}, {"model": "admin.logentry", "pk": 30, "fields": {"action_time": "2025-12-14T19:31:05.129Z", "user": 1, "content_type": 11, "object_id": "7", "object_repr": "ENTRADA de 10 unidades de MDF BRANCO 15MM", "action_flag": 3, "change_message": ""}}, {"model": "admin.logentry", "pk": 31, "fields": {"action_time": "2025-12-14T19:31:08.453Z", "user": 1, "content_type": 11, "object_id": "6", "object_repr": "ENTRADA de 5 unidades de MDF BRANCO 15MM", "action_flag": 3, "change_message": ""}}, {"model": "admin.logentry", "pk": 32, "fields": {"action_time": "2025-12-14T19:31:11.385Z", "user": 1, "content_type": 11, "object_id": "5", "object_repr": "SAIDA de 50 unidades de FITA DE BORDA BRANCA 22MM", "action_flag": 3, "change_message": ""}}, {"model": "admin.logentry", "pk": 33, "fields": {"action_time": "2025-12-14T19:31:14.447Z", "user": 1, "content_type": 11, "object_id": "4", "object_repr": "SAIDA de 20 unidades de CORREDIÇA TELESCÓPICA 500MM", "action_flag": 3, "change_message": ""}}, {"model": "admin.logentry", "pk": 34, "fields": {"action_time": "2025-12-14T19:31:17.515Z", "user": 1, "content_type": 11, "object_id": "3", "object_repr": "ENTRADA de 12 unidades de CORREDIÇA TELESCÓPICA 500MM", "action_flag": 3, "change_message": ""}}, {"model": "admin.logentry", "pk": 35, "fields": {"action_time": "2025-12-14T19:31:20.178Z", "user": 1, "content_type": 11, "object_id": "2", "object_repr": "SAIDA de 25 unidades de DOBRADIÇA RETA C/ AMORTECEDOR", "action_flag": 3, "change_message": ""}}, {"model": "admin.logentry", "pk": 36, "fields": {"action_time": "2025-12-14T19:31:23.712Z", "user": 1, "content_type": 11, "object_id": "1", "object_repr": "ENTRADA de 10 unidades de DOBRADIÇA RETA C/ AMORTECEDOR", "action_flag": 3, "change_message": ""}}, {"model": "admin.logentry", "pk": 37, "fields": {"action_time": "2025-12-14T19:31:48.159Z", "user": 1, "content_type": 12, "object_id": "7", "object_repr": "Pedido #7 - Status: PENDENTE", "action_flag": 1, "change_message": "[{\"added\": {}}, {\"added\": {\"name\": \"Item do Pedido\", \"object\": \"DOBRADI\\u00c7A RETA C/ AMORTECEDOR (10)\"}}]"}}, {"model": "admin.logentry", "pk": 38, "fields": {"action_time": "2025-12-14T19:33:51.162Z", "user": 1, "content_type": 12, "object_id": "8", "object_repr": "Pedido #8 - Status: PENDENTE", "action_flag": 1, "change_message": "[{\"added\": {}}, {\"added\": {\"name\": \"Item do Pedido\", \"object\": \"MDF BRANCO 15MM (20)\"}}]"}}, {"model": "admin.logentry", "pk": 39, "fields": {"action_time": "2025-12-14T19:35:28.002Z", "user": 1, "content_type": 14, "object_id": "2", "object_repr": "PAINEL DE TV SALA", "action_flag": 2, "change_message": "[{\"added\": {\"name\": \"Item Necess\\u00e1rio\", \"object\": \"MDF BRANCO 15MM para PAINEL DE TV SALA\"}}]"}}, {"model": "admin.logentry", "pk": 40, "fields": {"action_time": "2025-12-14T19:45:51.279Z", "user": 1, "content_type": 14, "object_id": "5", "object_repr": "cozinha", "action_flag": 1, "change_message": "[{\"added\": {}}, {\"added\": {\"name\": \"Item Necess\\u00e1rio\", \"object\": \"FITA DE BORDA BRANCA 22MM para cozinha\"}}]"}}, {"model": "admin.logentry", "pk": 41, "fields": {"action_time": "2025-12-14T23:26:55.595Z", "user": 1, "content_type": 16, "object_id": "1", "object_repr": "Madeiranit", "action_flag": 1, "change_message": "[{\"added\": {}}]"}}, {"model": "admin.logentry", "pk": 42, "fields": {"action_time": "2025-12-14T23:45:23.035Z", "user": 1, "content_type": 12, "object_id": "9", "object_repr": "Pedido #9 - Fornecedor: Madeiranit - Status: PENDENTE", "action_flag": 1, "change_message": "[{\"added\": {}}, {\"added\": {\"name\": \"Item do Pedido\", \"object\": \"CORREDI\\u00c7A TELESC\\u00d3PICA 500MM (15)\"}}]"}}, {"model": "admin.logentry", "pk": 43, "fields": {"action_time": "2025-12-14T23:45:53.669Z", "user": 1, "content_type": 12, "object_id": "10", "object_repr": "Pedido #10 - Fornecedor: Madeiranit - Status: PENDENTE", "action_flag": 1, "change_message": "[{\"added\": {}}, {\"added\": {\"name\": \"Item do Pedido\", \"object\": \"MDF BRANCO 15MM (5)\"}}]"}}, {"model": "admin.logentry", "pk": 44, "fields": {"action_time": "2025-12-14T23:51:16.731Z", "user": 1, "content_type": 12, "object_id": "8", "object_repr": "Pedido #8 - Fornecedor: Sem Fornecedor - Status: RECEBIDO", "action_flag": 3, "change_message": ""}}, {"model": "admin.logentry", "pk": 45, "fields": {"action_time": "2025-12-14T23:51:22.035Z", "user": 1, "content_type": 12, "object_id": "7", "object_repr": "Pedido #7 - Fornecedor: Sem Fornecedor - Status: RECEBIDO", "action_flag": 3, "change_message": ""}}, {"model": "admin.logentry", "pk": 46, "fields": {"action_time": "2025-12-14T23:54:51.628Z", "user": 1, "content_type": 14, "object_id": "6", "object_repr": "Guarda Roupa", "action_flag": 1, "change_message": "[{\"added\": {}}, {\"added\": {\"name\": \"Item Necess\\u00e1rio\", \"object\": \"MDF BRANCO 15MM para Guarda Roupa\"}}]"}}, {"model": "admin.logentry", "pk": 47, "fields": {"action_time": "2025-12-14T23:57:38.107Z", "user": 1, "content_type": 14, "object_id": "7", "object_repr": "MESA", "action_flag": 1, "change_message": "[{\"added\": {}}, {\"added\": {\"name\": \"Item Necess\\u00e1rio\", \"object\": \"DOBRADI\\u00c7A RETA C/ AMORTECEDOR para MESA\"}}]"}}, {"model": "admin.logentry", "pk": 48, "fields": {"action_time": "2025-12-15T00:07:20.459Z", "user": 1, "content_type": 14, "object_id": "8", "object_repr": "Armario", "action_flag": 1, "change_message": "[{\"added\": {}}, {\"added\": {\"name\": \"Item Necess\\u00e1rio\", \"object\": \"MDF BRANCO 15MM para Armario\"}}]"}}, {"model": "admin.logentry", "pk": 49, "fields": {"action_time": "2025-12-15T00:08:06.426Z", "user": 1, "content_type": 14, "object_id": "9", "object_repr": "Mesa", "action_flag": 1, "change_message": "[{\"added\": {}}, {\"added\": {\"name\": \"Item Necess\\u00e1rio\", \"object\": \"CORREDI\\u00c7A TELESC\\u00d3PICA 500MM para Mesa\"}}]"}}, {"model": "admin.logentry", "pk": 50, "fields": {"action_time": "2025-12-15T01:04:49.105Z", "user": 1, "content_type": 14, "object_id": "10", "object_repr": "Cozinha Pedro", "action_flag": 1, "change_message": "[{\"added\": {}}, {\"added\": {\"name\": \"Item Necess\\u00e1rio\", \"object\": \"MDF BRANCO 15MM para Cozinha Pedro\"}}]"}}, {"model": "admin.logentry", "pk": 51, "fields": {"action_time": "2025-12-15T17:09:05.308Z", "user": 1, "content_type": 16, "object_id": "2", "object_repr": "Leo Madeiras", "action_flag": 1, "change_message": "[{\"added\": {}}]"}}, {"model": "admin.logentry", "pk": 52, "fields": {"action_time": "2025-12-15T17:09:48.541Z", "user": 1, "content_type": 16, "object_id": "1", "object_repr": "Madeiranit", "action_flag": 2, "change_message": "[{\"changed\": {\"fields\": [\"Contato\", \"Telefone\"]}}]"}}, {"model": "admin.logentry", "pk": 53, "fields": {"action_time": "2025-12-15T17:09:57.868Z", "user": 1, "content_type": 16, "object_id": "3", "object_repr": "Mercado Livre", "action_flag": 1, "change_message": "[{\"added\": {}}]"}}, {"model": "admin.logentry", "pk": 54, "fields": {"action_time": "2025-12-15T17:10:13.215Z", "user": 1, "content_type": 11, "object_id": "18", "object_repr": "SAIDA de 5 unidades de CORREDIÇA TELESCÓPICA 500MM", "action_flag": 3, "change_message": ""}}, {"model": "admin.logentry", "pk": 55, "fields": {"action_time": "2025-12-15T17:10:16.649Z", "user": 1, "content_type": 11, "object_id": "17", "object_repr": "SAIDA de 3 unidades de MDF BRANCO 15MM", "action_flag": 3, "change_message": ""}}, {"model": "admin.logentry", "pk": 56, "fields": {"action_time": "2025-12-15T17:10:19.955Z", "user": 1, "content_type": 11, "object_id": "16", "object_repr": "SAIDA de 3 unidades de MDF BRANCO 15MM", "action_flag": 3, "change_message": ""}}, {"model": "admin.logentry", "pk": 57, "fields": {"action_time": "2025-12-15T17:10:22.698Z", "user": 1, "content_type": 11, "object_id": "15", "object_repr": "SAIDA de 5 unidades de MDF BRANCO 15MM", "action_flag": 3, "change_message": ""}}, {"model": "admin.logentry", "pk": 58, "fields": {"action_time": "2025-12-15T17:10:25.824Z", "user": 1, "content_type": 11, "object_id": "14", "object_repr": "SAIDA de 2 unidades de DOBRADIÇA RETA C/ AMORTECEDOR", "action_flag": 3, "change_message": ""}}, {"model": "admin.logentry", "pk": 59, "fields": {"action_time": "2025-12-15T17:10:28.733Z", "user": 1, "content_type": 11, "object_id": "13", "object_repr": "ENTRADA de 15 unidades de CORREDIÇA TELESCÓPICA 500MM", "action_flag": 3, "change_message": ""}}, {"model": "admin.logentry", "pk": 60, "fields": {"action_time": "2025-12-15T17:10:32.117Z", "user": 1, "content_type": 11, "object_id": "12", "object_repr": "ENTRADA de 5 unidades de MDF BRANCO 15MM", "action_flag": 3, "change_message": ""}}, {"model": "admin.logentry", "pk": 61, "fields": {"action_time": "2025-12-15T17:10:34.972Z", "user": 1, "content_type": 11, "object_id": "11", "object_repr": "SAIDA de 50 unidades de FITA DE BORDA BRANCA 22MM", "action_flag": 3, "change_message": ""}}, {"model": "admin.logentry", "pk": 62, "fields": {"action_time": "2025-12-15T17:10:38.107Z", "user": 1, "content_type": 11, "object_id": "10", "object_repr": "SAIDA de 15 unidades de MDF BRANCO 15MM", "action_flag": 3, "change_message": ""}}, {"model": "admin.logentry", "pk": 63, "fields": {"action_time": "2025-12-15T17:10:41.169Z", "user": 1, "content_type": 11, "object_id": "9", "object_repr": "ENTRADA de 20 unidades de MDF BRANCO 15MM", "action_flag": 3, "change_message": ""}}, {"model": "admin.logentry", "pk": 64, "fields": {"action_time": "2025-12-15T17:16:49.773Z", "user": 1, "content_type": 11, "object_id": "8", "object_repr": "ENTRADA de 10 unidades de DOBRADIÇA RETA C/ AMORTECEDOR", "action_flag": 3, "change_message": ""}}, {"model": "admin.logentry", "pk": 65, "fields": {"action_time": "2025-12-15T17:17:10.006Z", "user": 1, "content_type": 14, "object_id": "10", "object_repr": "Cozinha Pedro", "action_flag": 3, "change_message": ""}}, {"model": "admin.logentry", "pk": 66, "fields": {"action_time": "2025-12-15T17:17:17.574Z", "user": 1, "content_type": 13, "object_id": "11", "object_repr": "Consumo de 5 em Mesa", "action_flag": 3, "change_message": ""}}, {"model": "admin.logentry", "pk": 67, "fields": {"action_time": "2025-12-15T17:17:21.495Z", "user": 1, "content_type": 13, "object_id": "10", "object_repr": "Consumo de 3 em Armario", "action_flag": 3, "change_message": ""}}, {"model": "admin.logentry", "pk": 68, "fields": {"action_time": "2025-12-15T17:17:25.447Z", "user": 1, "content_type": 13, "object_id": "9", "object_repr": "Consumo de 3 em Armario", "action_flag": 3, "change_message": ""}}, {"model": "admin.logentry", "pk": 69, "fields": {"action_time": "2025-12-15T17:17:29.026Z", "user": 1, "content_type": 13, "object_id": "8", "object_repr": "Consumo de 5 em Guarda Roupa", "action_flag": 3, "change_message": ""}}, {"model": "admin.logentry", "pk": 70, "fields": {"action_time": "2025-12-15T17:17:31.928Z", "user": 1, "content_type": 13, "object_id": "7", "object_repr": "Consumo de 2 em MESA", "action_flag": 3, "change_message": ""}}, {"model": "admin.logentry", "pk": 71, "fields": {"action_time": "2025-12-15T17:17:35.439Z", "user": 1, "content_type": 13, "object_id": "6", "object_repr": "Consumo de 50 em cozinha", "action_flag": 3, "change_message": ""}}, {"model": "admin.logentry", "pk": 72, "fields": {"action_time": "2025-12-15T17:17:38.833Z", "user": 1, "content_type": 13, "object_id": "5", "object_repr": "Consumo de 15 em PAINEL DE TV SALA", "action_flag": 3, "change_message": ""}}, {"model": "admin.logentry", "pk": 73, "fields": {"action_time": "2025-12-15T17:17:42.107Z", "user": 1, "content_type": 13, "object_id": "4", "object_repr": "Consumo de 50 em Cama", "action_flag": 3, "change_message": ""}}, {"model": "admin.logentry", "pk": 74, "fields": {"action_time": "2025-12-15T17:17:45.502Z", "user": 1, "content_type": 13, "object_id": "3", "object_repr": "Consumo de 20 em Guarda Roupa", "action_flag": 3, "change_message": ""}}, {"model": "admin.logentry", "pk": 75, "fields": {"action_time": "2025-12-15T17:17:49.030Z", "user": 1, "content_type": 13, "object_id": "2", "object_repr": "Consumo de 25 em Cozinha Planejada", "action_flag": 3, "change_message": ""}}, {"model": "admin.logentry", "pk": 76, "fields": {"action_time": "2025-12-15T17:18:03.695Z", "user": 1, "content_type": 10, "object_id": "1", "object_repr": "MDF BRANCO 15MM", "action_flag": 3, "change_message": ""}}, {"model": "admin.logentry", "pk": 77, "fields": {"action_time": "2025-12-15T17:18:07.775Z", "user": 1, "content_type": 10, "object_id": "2", "object_repr": "DOBRADIÇA RETA C/ AMORTECEDOR", "action_flag": 3, "change_message": ""}}, {"model": "admin.logentry", "pk": 78, "fields": {"action_time": "2025-12-15T17:18:11.627Z", "user": 1, "content_type": 10, "object_id": "3", "object_repr": "FITA DE BORDA BRANCA 22MM", "action_flag": 3, "change_message": ""}}, {"model": "admin.logentry", "pk": 79, "fields": {"action_time": "2025-12-15T17:18:15.602Z", "user": 1, "content_type": 10, "object_id": "4", "object_repr": "CORREDIÇA TELESCÓPICA 500MM", "action_flag": 3, "change_message": ""}}, {"model": "admin.logentry", "pk": 80, "fields": {"action_time": "2025-12-15T17:20:14.928Z", "user": 1, "content_type": 15, "object_id": "6", "object_repr": "PR", "action_flag": 2, "change_message": "[{\"changed\": {\"fields\": [\"Unidade de Medida\"]}}]"}}, {"model": "admin.logentry", "pk": 81, "fields": {"action_time": "2025-12-15T17:32:22.796Z", "user": 1, "content_type": 14, "object_id": "9", "object_repr": "Mesa", "action_flag": 3, "change_message": ""}}, {"model": "admin.logentry", "pk": 82, "fields": {"action_time": "2025-12-15T17:32:26.856Z", "user": 1, "content_type": 14, "object_id": "8", "object_repr": "Armario", "action_flag": 3, "change_message": ""}}, {"model": "admin.logentry", "pk": 83, "fields": {"action_time": "2025-12-15T17:32:30.513Z", "user": 1, "content_type": 14, "object_id": "7", "object_repr": "MESA", "action_flag": 3, "change_message": ""}}, {"model": "admin.logentry", "pk": 84, "fields": {"action_time": "2025-12-15T17:32:34.166Z", "user": 1, "content_type": 14, "object_id": "6", "object_repr": "Guarda Roupa", "action_flag": 3, "change_message": ""}}, {"model": "admin.logentry", "pk": 85, "fields": {"action_time": "2025-12-15T17:32:37.958Z", "user": 1, "content_type": 14, "object_id": "5", "object_repr": "cozinha", "action_flag": 3, "change_message": ""}}, {"model": "admin.logentry", "pk": 86, "fields": {"action_time": "2025-12-15T17:32:41.748Z", "user": 1, "content_type": 14, "object_id": "4", "object_repr": "Cama", "action_flag": 3, "change_message": ""}}, {"model": "admin.logentry", "pk": 87, "fields": {"action_time": "2025-12-15T17:32:45.652Z", "user": 1, "content_type": 14, "object_id": "3", "object_repr": "Guarda Roupa", "action_flag": 3, "change_message": ""}}, {"model": "admin.logentry", "pk": 88, "fields": {"action_time": "2025-12-15T17:32:49.048Z", "user": 1, "content_type": 14, "object_id": "2", "object_repr": "PAINEL DE TV SALA", "action_flag": 3, "change_message": ""}}, {"model": "admin.logentry", "pk": 89, "fields": {"action_time": "2025-12-15T17:32:55.494Z", "user": 1, "content_type": 14, "object_id": "1", "object_repr": "Cozinha Planejada", "action_flag": 3, "change_message": ""}}, {"model": "admin.logentry", "pk": 90, "fields": {"action_time": "2025-12-15T17:33:41.956Z", "user": 1, "content_type": 10, "object_id": "5", "object_repr": "MDF BRANCO 06MM", "action_flag": 1, "change_message": "[{\"added\": {}}]"}}, {"model": "admin.logentry", "pk": 91, "fields": {"action_time": "2025-12-15T17:33:55.589Z", "user": 1, "content_type": 10, "object_id": "6", "object_repr": "MDF BRANCO 15MM", "action_flag": 1, "change_message": "[{\"added\": {}}]"}}, {"model": "admin.logentry", "pk": 92, "fields": {"action_time": "2025-12-15T17:34:23.623Z", "user": 1, "content_type": 10, "object_id": "7", "object_repr": "MDF BRANCO 18MM", "action_flag": 1, "change_message": "[{\"added\": {}}]"}}, {"model": "admin.logentry", "pk": 93, "fields": {"action_time": "2025-12-15T17:34:42.915Z", "user": 1, "content_type": 10, "object_id": "8", "object_repr": "MDF CINZA", "action_flag": 1, "change_message": "[{\"added\": {}}]"}}, {"model": "admin.logentry", "pk": 94, "fields": {"action_time": "2025-12-15T17:35:11.803Z", "user": 1, "content_type": 10, "object_id": "9", "object_repr": "FITA DE BORDA BRANCA 22MM", "action_flag": 1, "change_message": "[{\"added\": {}}]"}}, {"model": "admin.logentry", "pk": 95, "fields": {"action_time": "2025-12-15T17:35:50.226Z", "user": 1, "content_type": 10, "object_id": "10", "object_repr": "FITA DE BORDA CINZA 22MM", "action_flag": 1, "change_message": "[{\"added\": {}}]"}}, {"model": "admin.logentry", "pk": 96, "fields": {"action_time": "2025-12-15T17:36:12.511Z", "user": 1, "content_type": 10, "object_id": "11", "object_repr": "CORREDIÇA TELESCÓPICA 500MM", "action_flag": 1, "change_message": "[{\"added\": {}}]"}}, {"model": "admin.logentry", "pk": 97, "fields": {"action_time": "2025-12-15T17:36:33.880Z", "user": 1, "content_type": 10, "object_id": "12", "object_repr": "CORREDIÇA TELESCÓPICA 400MM", "action_flag": 1, "change_message": "[{\"added\": {}}]"}}, {"model": "admin.logentry", "pk": 98, "fields": {"action_time": "2025-12-15T17:37:22.972Z", "user": 1, "content_type": 10, "object_id": "13", "object_repr": "DOBRADIÇA RETA C/ AMORTECEDOR", "action_flag": 1, "change_message": "[{\"added\": {}}]"}}, {"model": "admin.logentry", "pk": 99, "fields": {"action_time": "2025-12-15T17:37:42.632Z", "user": 1, "content_type": 10, "object_id": "14", "object_repr": "DOBRADIÇA CURVA C/ AMORTECEDOR", "action_flag": 1, "change_message": "[{\"added\": {}}]"}}, {"model": "admin.logentry", "pk": 100, "fields": {"action_time": "2025-12-15T17:38:09.376Z", "user": 1, "content_type": 10, "object_id": "15", "object_repr": "PUXADOR PERFIL 3M", "action_flag": 1, "change_message": "[{\"added\": {}}]"}}, {"model": "admin.logentry", "pk": 101, "fields": {"action_time": "2025-12-15T17:38:43.821Z", "user": 1, "content_type": 10, "object_id": "16", "object_repr": "PUXADOR ALÇA CROMADO", "action_flag": 1, "change_message": "[{\"added\": {}}]"}}, {"model": "admin.logentry", "pk": 102, "fields": {"action_time": "2025-12-15T17:46:03.726Z", "user": 1, "content_type": 12, "object_id": "10", "object_repr": "Pedido #10 - Fornecedor: Madeiranit - Status: RECEBIDO", "action_flag": 3, "change_message": ""}}, {"model": "admin.logentry", "pk": 103, "fields": {"action_time": "2025-12-15T17:46:43.183Z", "user": 1, "content_type": 12, "object_id": "9", "object_repr": "Pedido #9 - Fornecedor: Madeiranit - Status: RECEBIDO", "action_flag": 3, "change_message": ""}}, {"model": "admin.logentry", "pk": 104, "fields": {"action_time": "2025-12-15T17:46:46.788Z", "user": 1, "content_type": 12, "object_id": "6", "object_repr": "Pedido #6 - Fornecedor: Sem Fornecedor - Status: RECEBIDO", "action_flag": 3, "change_message": ""}}, {"model": "admin.logentry", "pk": 105, "fields": {"action_time": "2025-12-15T17:46:52.122Z", "user": 1, "content_type": 12, "object_id": "5", "object_repr": "Pedido #5 - Fornecedor: Sem Fornecedor - Status: RECEBIDO", "action_flag": 3, "change_message": ""}}, {"model": "admin.logentry", "pk": 106, "fields": {"action_time": "2025-12-15T17:46:56.863Z", "user": 1, "content_type": 12, "object_id": "4", "object_repr": "Pedido #4 - Fornecedor: Sem Fornecedor - Status: RECEBIDO", "action_flag": 3, "change_message": ""}}, {"model": "admin.logentry", "pk": 107, "fields": {"action_time": "2025-12-15T17:47:00.532Z", "user": 1, "content_type": 12, "object_id": "3", "object_repr": "Pedido #3 - Fornecedor: Sem Fornecedor - Status: RECEBIDO", "action_flag": 3, "change_message": ""}}, {"model": "admin.logentry", "pk": 108, "fields": {"action_time": "2025-12-15T17:47:04.156Z", "user": 1, "content_type": 12, "object_id": "2", "object_repr": "Pedido #2 - Fornecedor: Sem Fornecedor - Status: RECEBIDO", "action_flag": 3, "change_message": ""}}, {"model": "admin.logentry", "pk": 109, "fields": {"action_time": "2025-12-15T17:47:10.515Z", "user": 1, "content_type": 12, "object_id": "1", "object_repr": "Pedido #1 - Fornecedor: Sem Fornecedor - Status: RECEBIDO", "action_flag": 3, "change_message": ""}}, {"model": "admin.logentry", "pk": 110, "fields": {"action_time": "2025-12-15T18:06:59.675Z", "user": 1, "content_type": 14, "object_id": "11", "object_repr": "Rack de Sala com Gaveta", "action_flag": 1, "change_message": "[{\"added\": {}}, {\"added\": {\"name\": \"Item Necess\\u00e1rio\", \"object\": \"MDF BRANCO 15MM para Rack de Sala com Gaveta\"}}, {\"added\": {\"name\": \"Item Necess\\u00e1rio\", \"object\": \"CORREDI\\u00c7A TELESC\\u00d3PICA 400MM para Rack de Sala com Gaveta\"}}, {\"added\": {\"name\": \"Item Necess\\u00e1rio\", \"object\": \"FITA DE BORDA BRANCA 22MM para Rack de Sala com Gaveta\"}}, {\"added\": {\"name\": \"Item Necess\\u00e1rio\", \"object\": \"PUXADOR AL\\u00c7A CROMADO para Rack de Sala com Gaveta\"}}]"}}, {"model": "admin.logentry", "pk": 111, "fields": {"action_time": "2025-12-15T18:10:59.052Z", "user": 1, "content_type": 14, "object_id": "12", "object_repr": "Armários de Cozinha", "action_flag": 1, "change_message": "[{\"added\": {}}, {\"added\": {\"name\": \"Item Necess\\u00e1rio\", \"object\": \"MDF BRANCO 06MM para Arm\\u00e1rios de Cozinha\"}}, {\"added\": {\"name\": \"Item Necess\\u00e1rio\", \"object\": \"MDF BRANCO 15MM para Arm\\u00e1rios de Cozinha\"}}, {\"added\": {\"name\": \"Item Necess\\u00e1rio\", \"object\": \"MDF BRANCO 18MM para Arm\\u00e1rios de Cozinha\"}}, {\"added\": {\"name\": \"Item Necess\\u00e1rio\", \"object\": \"CORREDI\\u00c7A TELESC\\u00d3PICA 500MM para Arm\\u00e1rios de Cozinha\"}}, {\"added\": {\"name\": \"Item Necess\\u00e1rio\", \"object\": \"FITA DE BORDA BRANCA 22MM para Arm\\u00e1rios de Cozinha\"}}, {\"added\": {\"name\": \"Item Necess\\u00e1rio\", \"object\": \"DOBRADI\\u00c7A RETA C/ AMORTECEDOR para Arm\\u00e1rios de Cozinha\"}}, {\"added\": {\"name\": \"Item Necess\\u00e1rio\", \"object\": \"DOBRADI\\u00c7A CURVA C/ AMORTECEDOR para Arm\\u00e1rios de Cozinha\"}}, {\"added\": {\"name\": \"Item Necess\\u00e1rio\", \"object\": \"PUXADOR PERFIL 3M para Arm\\u00e1rios de Cozinha\"}}]"}}, {"model": "admin.logentry", "pk": 112, "fields": {"action_time": "2025-12-15T18:11:45.622Z", "user": 1, "content_type": 14, "object_id": "12", "object_repr": "Armários de Cozinha", "action_flag": 2, "change_message": "[{\"changed\": {\"fields\": [\"Descri\\u00e7\\u00e3o do Servi\\u00e7o\"]}}]"}}, {"model": "admin.logentry", "pk": 113, "fields": {"action_time": "2025-12-15T18:12:10.354Z", "user": 1, "content_type": 14, "object_id": "11", "object_repr": "Rack de Sala com Gaveta", "action_flag": 2, "change_message": "[{\"changed\": {\"fields\": [\"Descri\\u00e7\\u00e3o do Servi\\u00e7o\"]}}]"}}, {"model": "admin.logentry", "pk": 114, "fields": {"action_time": "2025-12-15T18:17:08.633Z", "user": 1, "content_type": 14, "object_id": "11", "object_repr": "Rack de Sala com Gaveta", "action_flag": 2, "change_message": "[{\"changed\": {\"fields\": [\"Status\"]}}]"}}, {"model": "admin.logentry", "pk": 115, "fields": {"action_time": "2025-12-15T18:17:33.622Z", "user": 1, "content_type": 10, "object_id": "16", "object_repr": "PUXADOR ALÇA CROMADO", "action_flag": 2, "change_message": "[{\"changed\": {\"fields\": [\"Estoque Atual\"]}}]"}}, {"model": "admin.logentry", "pk": 116, "fields": {"action_time": "2025-12-15T18:17:40.295Z", "user": 1, "content_type": 10, "object_id": "9", "object_repr": "FITA DE BORDA BRANCA 22MM", "action_flag": 2, "change_message": "[{\"changed\": {\"fields\": [\"Estoque Atual\"]}}]"}}, {"model": "admin.logentry", "pk": 117, "fields": {"action_time": "2025-12-15T18:17:45.689Z", "user": 1, "content_type": 10, "object_id": "12", "object_repr": "CORREDIÇA TELESCÓPICA 400MM", "action_flag": 2, "change_message": "[{\"changed\": {\"fields\": [\"Estoque Atual\"]}}]"}}, {"model": "admin.logentry", "pk": 118, "fields": {"action_time": "2025-12-15T18:17:52.116Z", "user": 1, "content_type": 10, "object_id": "6", "object_repr": "MDF BRANCO 15MM", "action_flag": 2, "change_message": "[{\"changed\": {\"fields\": [\"Estoque Atual\"]}}]"}}, {"model": "admin.logentry", "pk": 119, "fields": {"action_time": "2025-12-15T20:23:04.763Z", "user": 1, "content_type": 10, "object_id": "8", "object_repr": "MDF CINZA 15MM", "action_flag": 2, "change_message": "[{\"changed\": {\"fields\": [\"Nome do Material\", \"Estoque Atual\"]}}]"}}, {"model": "admin.logentry", "pk": 120, "fields": {"action_time": "2025-12-15T20:25:16.161Z", "user": 1, "content_type": 14, "object_id": "13", "object_repr": "Guarda Roupa", "action_flag": 1, "change_message": "[{\"added\": {}}, {\"added\": {\"name\": \"Item Necess\\u00e1rio\", \"object\": \"MDF BRANCO 06MM para Guarda Roupa\"}}, {\"added\": {\"name\": \"Item Necess\\u00e1rio\", \"object\": \"MDF BRANCO 15MM para Guarda Roupa\"}}, {\"added\": {\"name\": \"Item Necess\\u00e1rio\", \"object\": \"MDF BRANCO 18MM para Guarda Roupa\"}}, {\"added\": {\"name\": \"Item Necess\\u00e1rio\", \"object\": \"CORREDI\\u00c7A TELESC\\u00d3PICA 500MM para Guarda Roupa\"}}, {\"added\": {\"name\": \"Item Necess\\u00e1rio\", \"object\": \"FITA DE BORDA BRANCA 22MM para Guarda Roupa\"}}, {\"added\": {\"name\": \"Item Necess\\u00e1rio\", \"object\": \"MDF CINZA 15MM para Guarda Roupa\"}}, {\"added\": {\"name\": \"Item Necess\\u00e1rio\", \"object\": \"FITA DE BORDA CINZA 22MM para Guarda Roupa\"}}, {\"added\": {\"name\": \"Item Necess\\u00e1rio\", \"object\": \"DOBRADI\\u00c7A RETA C/ AMORTECEDOR para Guarda Roupa\"}}, {\"added\": {\"name\": \"Item Necess\\u00e1rio\", \"object\": \"DOBRADI\\u00c7A CURVA C/ AMORTECEDOR para Guarda Roupa\"}}, {\"added\": {\"name\": \"Item Necess\\u00e1rio\", \"object\": \"PUXADOR AL\\u00c7A CROMADO para Guarda Roupa\"}}]"}}, {"model": "admin.logentry", "pk": 121, "fields": {"action_time": "2025-12-15T20:33:34.871Z", "user": 1, "content_type": 14, "object_id": "12", "object_repr": "Armários de Cozinha", "action_flag": 2, "change_message": "[{\"changed\": {\"fields\": [\"Status\"]}}]"}}, {"model": "admin.logentry", "pk": 122, "fields": {"action_time": "2025-12-15T20:34:07.916Z", "user": 1, "content_type": 10, "object_id": "6", "object_repr": "MDF BRANCO 15MM", "action_flag": 2, "change_message": "[{\"changed\": {\"fields\": [\"Estoque Atual\"]}}]"}}, {"model": "admin.logentry", "pk": 123, "fields": {"action_time": "2025-12-15T20:34:22.473Z", "user": 1, "content_type": 10, "object_id": "15", "object_repr": "PUXADOR PERFIL 3M", "action_flag": 2, "change_message": "[{\"changed\": {\"fields\": [\"Estoque Atual\"]}}]"}}, {"model": "admin.logentry", "pk": 124, "fields": {"action_time": "2025-12-15T20:34:40.682Z", "user": 1, "content_type": 10, "object_id": "11", "object_repr": "CORREDIÇA TELESCÓPICA 500MM", "action_flag": 2, "change_message": "[{\"changed\": {\"fields\": [\"Estoque Atual\"]}}]"}}, {"model": "admin.logentry", "pk": 125, "fields": {"action_time": "2025-12-15T20:35:12.073Z", "user": 1, "content_type": 10, "object_id": "11", "object_repr": "CORREDIÇA TELESCÓPICA 500MM", "action_flag": 2, "change_message": "[{\"changed\": {\"fields\": [\"Estoque Atual\"]}}]"}}, {"model": "admin.logentry", "pk": 126, "fields": {"action_time": "2025-12-15T20:35:32.597Z", "user": 1, "content_type": 10, "object_id": "9", "object_repr": "FITA DE BORDA BRANCA 22MM", "action_flag": 2, "change_message": "[{\"changed\": {\"fields\": [\"Estoque Atual\"]}}]"}}, {"model": "admin.logentry", "pk": 127, "fields": {"action_time": "2025-12-15T20:38:06.130Z", "user": 1, "content_type": 12, "object_id": "11", "object_repr": "Pedido #11 - Fornecedor: Madeiranit - Status: PENDENTE", "action_flag": 1, "change_message": "[{\"added\": {}}, {\"added\": {\"name\": \"Item do Pedido\", \"object\": \"FITA DE BORDA CINZA 22MM (20)\"}}, {\"added\": {\"name\": \"Item do Pedido\", \"object\": \"MDF CINZA 15MM (2)\"}}, {\"added\": {\"name\": \"Item do Pedido\", \"object\": \"MDF BRANCO 06MM (1)\"}}, {\"added\": {\"name\": \"Item do Pedido\", \"object\": \"MDF BRANCO 18MM (1)\"}}]"}}, {"model": "admin.logentry", "pk": 128, "fields": {"action_time": "2025-12-15T20:59:13.477Z", "user": 1, "content_type": 12, "object_id": "12", "object_repr": "Pedido #12 - Fornecedor: Leo Madeiras - Status: PENDENTE", "action_flag": 1, "change_message": "[{\"added\": {}}, {\"added\": {\"name\": \"Item do Pedido\", \"object\": \"PUXADOR AL\\u00c7A CROMADO (3)\"}}, {\"added\": {\"name\": \"Item do Pedido\", \"object\": \"CORREDI\\u00c7A TELESC\\u00d3PICA 400MM (5)\"}}, {\"added\": {\"name\": \"Item do Pedido\", \"object\": \"MDF BRANCO 06MM (2)\"}}, {\"added\": {\"name\": \"Item do Pedido\", \"object\": \"MDF BRANCO 18MM (3)\"}}]"}}, {"model": "admin.logentry", "pk": 129, "fields": {"action_time": "2025-12-15T21:12:29.956Z", "user": 1, "content_type": 11, "object_id": "34", "object_repr": "SAIDA de 2 unidades de PUXADOR PERFIL 3M", "action_flag": 3, "change_message": ""}}, {"model": "admin.logentry", "pk": 130, "fields": {"action_time": "2025-12-15T21:12:42.871Z", "user": 1, "content_type": 11, "object_id": "33", "object_repr": "SAIDA de 10 unidades de DOBRADIÇA CURVA C/ AMORTECEDOR", "action_flag": 3, "change_message": ""}}, {"model": "admin.logentry", "pk": 131, "fields": {"action_time": "2025-12-15T21:12:46.943Z", "user": 1, "content_type": 11, "object_id": "32", "object_repr": "SAIDA de 10 unidades de DOBRADIÇA RETA C/ AMORTECEDOR", "action_flag": 3, "change_message": ""}}, {"model": "admin.logentry", "pk": 132, "fields": {"action_time": "2025-12-15T21:12:49.790Z", "user": 1, "content_type": 11, "object_id": "31", "object_repr": "SAIDA de 100 unidades de FITA DE BORDA BRANCA 22MM", "action_flag": 3, "change_message": ""}}, {"model": "admin.logentry", "pk": 133, "fields": {"action_time": "2025-12-15T21:13:00.673Z", "user": 1, "content_type": 11, "object_id": "30", "object_repr": "SAIDA de 12 unidades de CORREDIÇA TELESCÓPICA 500MM", "action_flag": 3, "change_message": ""}}, {"model": "admin.logentry", "pk": 134, "fields": {"action_time": "2025-12-15T21:13:03.774Z", "user": 1, "content_type": 11, "object_id": "29", "object_repr": "SAIDA de 4 unidades de MDF BRANCO 18MM", "action_flag": 3, "change_message": ""}}, {"model": "admin.logentry", "pk": 135, "fields": {"action_time": "2025-12-15T21:13:07.089Z", "user": 1, "content_type": 11, "object_id": "28", "object_repr": "SAIDA de 5 unidades de MDF BRANCO 15MM", "action_flag": 3, "change_message": ""}}, {"model": "admin.logentry", "pk": 136, "fields": {"action_time": "2025-12-15T21:13:12.128Z", "user": 1, "content_type": 11, "object_id": "27", "object_repr": "SAIDA de 2 unidades de MDF BRANCO 06MM", "action_flag": 3, "change_message": ""}}, {"model": "auth.permission", "pk": 1, "fields": {"name": "Can add log entry", "content_type": 1, "codename": "add_logentry"}}, {"model": "auth.permission", "pk": 2, "fields": {"name": "Can change log entry", "content_type": 1, "codename": "change_logentry"}}, {"model": "auth.permission", "pk": 3, "fields": {"name": "Can delete log entry", "content_type": 1, "codename": "delete_logentry"}}, {"model": "auth.permission", "pk": 4, "fields": {"name": "Can view log entry", "content_type": 1, "codename": "view_logentry"}}, {"model": "auth.permission", "pk": 5, "fields": {"name": "Can add permission", "content_type": 3, "codename": "add_permission"}}, {"model": "auth.permission", "pk": 6, "fields": {"name": "Can change permission", "content_type": 3, "codename": "change_permission"}}, {"model": "auth.permission", "pk": 7, "fields": {"name": "Can delete permission", "content_type": 3, "codename": "delete_permission"}}, {"model": "auth.permission", "pk": 8, "fields": {"name": "Can view permission", "content_type": 3, "codename": "view_permission"}}, {"model": "auth.permission", "pk": 9, "fields": {"name": "Can add group", "content_type": 2, "codename": "add_group"}}, {"model": "auth.permission", "pk": 10, "fields": {"name": "Can change group", "content_type": 2, "codename": "change_group"}}, {"model": "auth.permission", "pk": 11, "fields": {"name": "Can delete group", "content_type": 2, "codename": "delete_group"}}, {"model": "auth.permission", "pk": 12, "fields": {"name": "Can view group", "content_type": 2, "codename": "view_group"}}, {"model": "auth.permission", "pk": 13, "fields": {"name": "Can add user", "content_type": 4, "codename": "add_user"}}, {"model": "auth.permission", "pk": 14, "fields": {"name": "Can change user", "content_type": 4, "codename": "change_user"}}, {"model": "auth.permission", "pk": 15, "fields": {"name": "Can delete user", "content_type": 4, "codename": "delete_user"}}, {"model": "auth.permission", "pk": 16, "fields": {"name": "Can view user", "content_type": 4, "codename": "view_user"}}, {"model": "auth.permission", "pk": 17, "fields": {"name": "Can add content type", "content_type": 5, "codename": "add_contenttype"}}, {"model": "auth.permission", "pk": 18, "fields": {"name": "Can change content type", "content_type": 5, "codename": "change_contenttype"}}, {"model": "auth.permission", "pk": 19, "fields": {"name": "Can delete content type", "content_type": 5, "codename": "delete_contenttype"}}, {"model": "auth.permission", "pk": 20, "fields": {"name": "Can view content type", "content_type": 5, "codename": "view_contenttype"}}, {"model": "auth.permission", "pk": 21, "fields": {"name": "Can add session", "content_type": 6, "codename": "add_session"}}, {"model": "auth.permission", "pk": 22, "fields": {"name": "Can change session", "content_type": 6, "codename": "change_session"}}, {"model": "auth.permission", "pk": 23, "fields": {"name": "Can delete session", "content_type": 6, "codename": "delete_session"}}, {"model": "auth.permission", "pk": 24, "fields": {"name": "Can view session", "content_type": 6, "codename": "view_session"}}, {"model": "auth.permission", "pk": 25, "fields": {"name": "Can add Categoria", "content_type": 7, "codename": "add_categoria"}}, {"model": "auth.permission", "pk": 26, "fields": {"name": "Can change Categoria", "content_type": 7, "codename": "change_categoria"}}, {"model": "auth.permission", "pk": 27, "fields": {"name": "Can delete Categoria", "content_type": 7, "codename": "delete_categoria"}}, {"model": "auth.permission", "pk": 28, "fields": {"name": "Can view Categoria", "content_type": 7, "codename": "view_categoria"}}, {"model": "auth.permission", "pk": 29, "fields": {"name": "Can add Pedido de Compra", "content_type": 12, "codename": "add_pedidocompra"}}, {"model": "auth.permission", "pk": 30, "fields": {"name": "Can change Pedido de Compra", "content_type": 12, "codename": "change_pedidocompra"}}, {"model": "auth.permission", "pk": 31, "fields": {"name": "Can delete Pedido de Compra", "content_type": 12, "codename": "delete_pedidocompra"}}, {"model": "auth.permission", "pk": 32, "fields": {"name": "Can view Pedido de Compra", "content_type": 12, "codename": "view_pedidocompra"}}, {"model": "auth.permission", "pk": 33, "fields": {"name": "Can add Serviço", "content_type": 14, "codename": "add_servico"}}, {"model": "auth.permission", "pk": 34, "fields": {"name": "Can change Serviço", "content_type": 14, "codename": "change_servico"}}, {"model": "auth.permission", "pk": 35, "fields": {"name": "Can delete Serviço", "content_type": 14, "codename": "delete_servico"}}, {"model": "auth.permission", "pk": 36, "fields": {"name": "Can view Serviço", "content_type": 14, "codename": "view_servico"}}, {"model": "auth.permission", "pk": 37, "fields": {"name": "Can add Unidade de Medida", "content_type": 15, "codename": "add_unidademedida"}}, {"model": "auth.permission", "pk": 38, "fields": {"name": "Can change Unidade de Medida", "content_type": 15, "codename": "change_unidademedida"}}, {"model": "auth.permission", "pk": 39, "fields": {"name": "Can delete Unidade de Medida", "content_type": 15, "codename": "delete_unidademedida"}}, {"model": "auth.permission", "pk": 40, "fields": {"name": "Can view Unidade de Medida", "content_type": 15, "codename": "view_unidademedida"}}, {"model": "auth.permission", "pk": 41, "fields": {"name": "Can add Material", "content_type": 10, "codename": "add_material"}}, {"model": "auth.permission", "pk": 42, "fields": {"name": "Can change Material", "content_type": 10, "codename": "change_material"}}, {"model": "auth.permission", "pk": 43, "fields": {"name": "Can delete Material", "content_type": 10, "codename": "delete_material"}}, {"model": "auth.permission", "pk": 44, "fields": {"name": "Can view Material", "content_type": 10, "codename": "view_material"}}, {"model": "auth.permission", "pk": 45, "fields": {"name": "Can add Movimentação de Estoque", "content_type": 11, "codename": "add_movimentacaoestoque"}}, {"model": "auth.permission", "pk": 46, "fields": {"name": "Can change Movimentação de Estoque", "content_type": 11, "codename": "change_movimentacaoestoque"}}, {"model": "auth.permission", "pk": 47, "fields": {"name": "Can delete Movimentação de Estoque", "content_type": 11, "codename": "delete_movimentacaoestoque"}}, {"model": "auth.permission", "pk": 48, "fields": {"name": "Can view Movimentação de Estoque", "content_type": 11, "codename": "view_movimentacaoestoque"}}, {"model": "auth.permission", "pk": 49, "fields": {"name": "Can add Registro de Consumo", "content_type": 13, "codename": "add_registroconsumo"}}, {"model": "auth.permission", "pk": 50, "fields": {"name": "Can change Registro de Consumo", "content_type": 13, "codename": "change_registroconsumo"}}, {"model": "auth.permission", "pk": 51, "fields": {"name": "Can delete Registro de Consumo", "content_type": 13, "codename": "delete_registroconsumo"}}, {"model": "auth.permission", "pk": 52, "fields": {"name": "Can view Registro de Consumo", "content_type": 13, "codename": "view_registroconsumo"}}, {"model": "auth.permission", "pk": 53, "fields": {"name": "Can add Item do Pedido", "content_type": 8, "codename": "add_itempedido"}}, {"model": "auth.permission", "pk": 54, "fields": {"name": "Can change Item do Pedido", "content_type": 8, "codename": "change_itempedido"}}, {"model": "auth.permission", "pk": 55, "fields": {"name": "Can delete Item do Pedido", "content_type": 8, "codename": "delete_itempedido"}}, {"model": "auth.permission", "pk": 56, "fields": {"name": "Can view Item do Pedido", "content_type": 8, "codename": "view_itempedido"}}, {"model": "auth.permission", "pk": 57, "fields": {"name": "Can add Item Necessário", "content_type": 9, "codename": "add_itemserviconecessario"}}, {"model": "auth.permission", "pk": 58, "fields": {"name": "Can change Item Necessário", "content_type": 9, "codename": "change_itemserviconecessario"}}, {"model": "auth.permission", "pk": 59, "fields": {"name": "Can delete Item Necessário", "content_type": 9, "codename": "delete_itemserviconecessario"}}, {"model": "auth.permission", "pk": 60, "fields": {"name": "Can view Item Necessário", "content_type": 9, "codename": "view_itemserviconecessario"}}, {"model": "auth.permission", "pk": 61, "fields": {"name": "Can add Fornecedor", "content_type": 16, "codename": "add_fornecedor"}}, {"model": "auth.permission", "pk": 62, "fields": {"name": "Can change Fornecedor", "content_type": 16, "codename": "change_fornecedor"}}, {"model": "auth.permission", "pk": 63, "fields": {"name": "Can delete Fornecedor", "content_type": 16, "codename": "delete_fornecedor"}}, {"model": "auth.permission", "pk": 64, "fields": {"name": "Can view Fornecedor", "content_type": 16, "codename": "view_fornecedor"}}, {"model": "auth.user", "pk": 1, "fields": {"password": "pbkdf2_sha256$1200000$KccJOY3jvtci9Ebgqasece$35jeiH9dawkPhE/tYoM93C5exT8VXytB0Q/6YwiYXKk=", "last_login": "2025-12-15T17:06:01.079Z", "is_superuser": true, "username": "15352489639", "first_name": "", "last_name": "", "email": "", "is_staff": true, "is_active": true, "date_joined": "2025-12-13T18:38:53.880Z", "groups": [], "user_permissions": []}}, {"model": "contenttypes.contenttype", "pk": 1, "fields": {"app_label": "admin", "model": "logentry"}}, {"model": "contenttypes.contenttype", "pk": 2, "fields": {"app_label": "auth", "model": "group"}}, {"model": "contenttypes.contenttype", "pk": 3, "fields": {"app_label": "auth", "model": "permission"}}, {"model": "contenttypes.contenttype", "pk": 4, "fields": {"app_label": "auth", "model": "user"}}, {"model": "contenttypes.contenttype", "pk": 5, "fields": {"app_label": "contenttypes", "model": "contenttype"}}, {"model": "contenttypes.contenttype", "pk": 6, "fields": {"app_label": "sessions", "model": "session"}}, {"model": "contenttypes.contenttype", "pk": 7, "fields": {"app_label": "app", "model": "categoria"}}, {"model": "contenttypes.contenttype", "pk": 8, "fields": {"app_label": "app", "model": "itempedido"}}, {"model": "contenttypes.contenttype", "pk": 9, "fields": {"app_label": "app", "model": "itemserviconecessario"}}, {"model": "contenttypes.contenttype", "pk": 10, "fields": {"app_label": "app", "model": "material"}}, {"model": "contenttypes.contenttype", "pk": 11, "fields": {"app_label": "app", "model": "movimentacaoestoque"}}, {"model": "contenttypes.contenttype", "pk": 12, "fields": {"app_label": "app", "model": "pedidocompra"}}, {"model": "contenttypes.contenttype", "pk": 13, "fields": {"app_label": "app", "model": "registroconsumo"}}, {"model": "contenttypes.contenttype", "pk": 14, "fields": {"app_label": "app", "model": "servico"}}, {"model": "contenttypes.contenttype", "pk": 15, "fields": {"app_label": "app", "model": "unidademedida"}}, {"model": "contenttypes.contenttype", "pk": 16, "fields": {"app_label": "app", "model": "fornecedor"}}, {"model": "sessions.session", "pk": "4yzpijmxr9hp5scb4w39olujx5pe8ejo", "fields": {"session_data": ".eJxVjEEOwiAQRe_C2pAOUAou3XsGMgODVA0kpV0Z765NutDtf-_9lwi4rSVsnZcwJ3EWIE6_G2F8cN1BumO9NRlbXZeZ5K7Ig3Z5bYmfl8P9OyjYy7dGzAyK7OA1jGhVhsFRMg6c9hkxmnGyqC0Re7JakQJnPcKEJjL5nMT7A-P-OCc:1vVC1J:eyiXqO5Skmi3yGo6RAweWFdds5li2OZqdsFfKkPMLFM", "expire_date": "2025-12-29T17:06:01.083Z"}}, {"model": "app.categoria", "pk": 1, "fields": {"nome": "MDF e Chapas"}}, {"model": "app.categoria", "pk": 2, "fields": {"nome": "Ferragens"}}, {"model": "app.categoria", "pk": 3, "fields": {"nome": "Puxadores"}}, {"model": "app.categoria", "pk": 4, "fields": {"nome": "Fitas de Borda"}}, {"model": "app.categoria", "pk": 5, "fields": {"nome": "Colas"}}, {"model": "app.unidademedida", "pk": 1, "fields": {"nome": "L"}}, {"model": "app.unidademedida", "pk": 2, "fields": {"nome": "Pç"}}, {"model": "app.unidademedida", "pk": 3, "fields": {"nome": "Un"}}, {"model": "app.unidademedida", "pk": 4, "fields": {"nome": "Cx"}}, {"model": "app.unidademedida", "pk": 5, "fields": {"nome": "Kg"}}, {"model": "app.unidademedida", "pk": 6, "fields": {"nome": "PR"}}, {"model": "app.unidademedida", "pk": 7, "fields": {"nome": "ML"}}, {"model": "app.material", "pk": 5, "fields": {"nome": "MDF BRANCO 06MM", "quantidade_estoque": 4, "preco_unitario": "250.00", "categoria": 1, "unidade_medida": 3}}, {"model": "app.material", "pk": 6, "fields": {"nome": "MDF BRANCO 15MM", "quantidade_estoque": 8, "preco_unitario": "300.00", "categoria": 1, "unidade_medida": 3}}, {"model": "app.material", "pk": 7, "fields": {"nome": "MDF BRANCO 18MM", "quantidade_estoque": 5, "preco_unitario": "400.00", "categoria": 1, "unidade_medida": 3}}, {"model": "app.material", "pk": 8, "fields": {"nome": "MDF CINZA 15MM", "quantidade_estoque": 5, "preco_unitario": "550.00", "categoria": 1, "unidade_medida": 3}}, {"model": "app.material", "pk": 9, "fields": {"nome": "FITA DE BORDA BRANCA 22MM", "quantidade_estoque": 270, "preco_unitario": "0.40", "categoria": 4, "unidade_medida": 7}}, {"model": "app.material", "pk": 10, "fields": {"nome": "FITA DE BORDA CINZA 22MM", "quantidade_estoque": 40, "preco_unitario": "2.25", "categoria": 4, "unidade_medida": 7}}, {"model": "app.material", "pk": 11, "fields": {"nome": "CORREDIÇA TELESCÓPICA 500MM", "quantidade_estoque": 20, "preco_unitario": "50.00", "categoria": 2, "unidade_medida": 6}}, {"model": "app.material", "pk": 12, "fields": {"nome": "CORREDIÇA TELESCÓPICA 400MM", "quantidade_estoque": 6, "preco_unitario": "40.00", "categoria": 2, "unidade_medida": 6}}, {"model": "app.material", "pk": 13, "fields": {"nome": "DOBRADIÇA RETA C/ AMORTECEDOR", "quantidade_estoque": 10, "preco_unitario": "5.00", "categoria": 2, "unidade_medida": 2}}, {"model": "app.material", "pk": 14, "fields": {"nome": "DOBRADIÇA CURVA C/ AMORTECEDOR", "quantidade_estoque": 10, "preco_unitario": "5.00", "categoria": 2, "unidade_medida": 2}}, {"model": "app.material", "pk": 15, "fields": {"nome": "PUXADOR PERFIL 3M", "quantidade_estoque": 3, "preco_unitario": "90.00", "categoria": 3, "unidade_medida": 2}}, {"model": "app.material", "pk": 16, "fields": {"nome": "PUXADOR ALÇA CROMADO", "quantidade_estoque": 13, "preco_unitario": "20.00", "categoria": 3, "unidade_medida": 2}}, {"model": "app.servico", "pk": 11, "fields": {"nome": "Rack de Sala com Gaveta", "status": "CONCLUIDO", "descricao": "Cliente Guaranésia", "data_criacao": "2025-12-15T18:06:59.662Z"}}, {"model": "app.servico", "pk": 12, "fields": {"nome": "Armários de Cozinha", "status": "PLANEJADO", "descricao": "Cliente Guaxupé", "data_criacao": "2025-12-15T18:10:59.038Z"}}, {"model": "app.servico", "pk": 13, "fields": {"nome": "Guarda Roupa", "status": "PLANEJADO", "descricao": "Cliente Arceburgo", "data_criacao": "2025-12-15T20:25:16.151Z"}}, {"model": "app.itemserviconecessario", "pk": 11, "fields": {"servico": 11, "material": 6, "quantidade_necessaria": 1}}, {"model": "app.itemserviconecessario", "pk": 12, "fields": {"servico": 11, "material": 12, "quantidade_necessaria": 2}}, {"model": "app.itemserviconecessario", "pk": 13, "fields": {"servico": 11, "material": 9, "quantidade_necessaria": 30}}, {"model": "app.itemserviconecessario", "pk": 14, "fields": {"servico": 11, "material": 16, "quantidade_necessaria": 2}}, {"model": "app.itemserviconecessario", "pk": 15, "fields": {"servico": 12, "material": 5, "quantidade_necessaria": 2}}, {"model": "app.itemserviconecessario", "pk": 16, "fields": {"servico": 12, "material": 6, "quantidade_necessaria": 5}}, {"model": "app.itemserviconecessario", "pk": 17, "fields": {"servico": 12, "material": 7, "quantidade_necessaria": 4}}, {"model": "app.itemserviconecessario", "pk": 18, "fields": {"servico": 12, "material": 11, "quantidade_necessaria": 12}}, {"model": "app.itemserviconecessario", "pk": 19, "fields": {"servico": 12, "material": 9, "quantidade_necessaria": 100}}, {"model": "app.itemserviconecessario", "pk": 20, "fields": {"servico": 12, "material": 13, "quantidade_necessaria": 10}}, {"model": "app.itemserviconecessario", "pk": 21, "fields": {"servico": 12, "material": 14, "quantidade_necessaria": 10}}, {"model": "app.itemserviconecessario", "pk": 22, "fields": {"servico": 12, "material": 15, "quantidade_necessaria": 2}}, {"model": "app.itemserviconecessario", "pk": 23, "fields": {"servico": 13, "material": 5, "quantidade_necessaria": 3}}, {"model": "app.itemserviconecessario", "pk": 24, "fields": {"servico": 13, "material": 6, "quantidade_necessaria": 6}}, {"model": "app.itemserviconecessario", "pk": 25, "fields": {"servico": 13, "material": 7, "quantidade_necessaria": 5}}, {"model": "app.itemserviconecessario", "pk": 26, "fields": {"servico": 13, "material": 11, "quantidade_necessaria": 16}}, {"model": "app.itemserviconecessario", "pk": 27, "fields": {"servico": 13, "material": 9, "quantidade_necessaria": 180}}, {"model": "app.itemserviconecessario", "pk": 28, "fields": {"servico": 13, "material": 8, "quantidade_necessaria": 4}}, {"model": "app.itemserviconecessario", "pk": 29, "fields": {"servico": 13, "material": 10, "quantidade_necessaria": 50}}, {"model": "app.itemserviconecessario", "pk": 30, "fields": {"servico": 13, "material": 13, "quantidade_necessaria": 10}}, {"model": "app.itemserviconecessario", "pk": 31, "fields": {"servico": 13, "material": 14, "quantidade_necessaria": 20}}, {"model": "app.itemserviconecessario", "pk": 32, "fields": {"servico": 13, "material": 16, "quantidade_necessaria": 6}}, {"model": "app.fornecedor", "pk": 1, "fields": {"nome": "Madeiranit", "contato": "(35) 99960-3658", "telefone": "(35) 3014-9630"}}, {"model": "app.fornecedor", "pk": 2, "fields": {"nome": "Leo Madeiras", "contato": "(16) 2111-1800", "telefone": "0800-591-0127"}}, {"model": "app.fornecedor", "pk": 3, "fields": {"nome": "Mercado Livre", "contato": null, "telefone": null}}, {"model": "app.pedidocompra", "pk": 11, "fields": {"fornecedor": 1, "status": "RECEBIDO", "data_criacao": "2025-12-15T20:38:06.107Z", "valor_total_estimado": "0.00"}}, {"model": "app.pedidocompra", "pk": 12, "fields": {"fornecedor": 2, "status": "PENDENTE", "data_criacao": "2025-12-15T20:59:13.470Z", "valor_total_estimado": "0.00"}}, {"model": "app.itempedido", "pk": 11, "fields": {"pedido": 11, "material": 10, "quantidade_pedida": 20, "preco_estimado_unitario": "2.25"}}, {"model": "app.itempedido", "pk": 12, "fields": {"pedido": 11, "material": 8, "quantidade_pedida": 2, "preco_estimado_unitario": "550.00"}}, {"model": "app.itempedido", "pk": 13, "fields": {"pedido": 11, "material": 5, "quantidade_pedida": 1, "preco_estimado_unitario": "250.00"}}, {"model": "app.itempedido", "pk": 14, "fields": {"pedido": 11, "material": 7, "quantidade_pedida": 1, "preco_estimado_unitario": "400.00"}}, {"model": "app.itempedido", "pk": 15, "fields": {"pedido": 12, "material": 16, "quantidade_pedida": 3, "preco_estimado_unitario": "20.00"}}, {"model": "app.itempedido", "pk": 16, "fields": {"pedido": 12, "material": 12, "quantidade_pedida": 5, "preco_estimado_unitario": "40.00"}}, {"model": "app.itempedido", "pk": 17, "fields": {"pedido": 12, "material": 5, "quantidade_pedida": 2, "preco_estimado_unitario": "250.00"}}, {"model": "app.itempedido", "pk": 18, "fields": {"pedido": 12, "material": 7, "quantidade_pedida": 3, "preco_estimado_unitario": "400.00"}}, {"model": "app.movimentacaoestoque", "pk": 19, "fields": {"material": 6, "tipo": "SAIDA", "quantidade": 1, "data_movimentacao": "2025-12-15T18:12:28.147Z", "referencia": "Rack de Sala com Gaveta"}}, {"model": "app.movimentacaoestoque", "pk": 20, "fields": {"material": 12, "tipo": "SAIDA", "quantidade": 2, "data_movimentacao": "2025-12-15T18:12:28.155Z", "referencia": "Rack de Sala com Gaveta"}}, {"model": "app.movimentacaoestoque", "pk": 21, "fields": {"material": 9, "tipo": "SAIDA", "quantidade": 30, "data_movimentacao": "2025-12-15T18:12:28.160Z", "referencia": "Rack de Sala com Gaveta"}}, {"model": "app.movimentacaoestoque", "pk": 22, "fields": {"material": 16, "tipo": "SAIDA", "quantidade": 2, "data_movimentacao": "2025-12-15T18:12:28.164Z", "referencia": "Rack de Sala com Gaveta"}}, {"model": "app.movimentacaoestoque", "pk": 23, "fields": {"material": 6, "tipo": "SAIDA", "quantidade": 1, "data_movimentacao": "2025-12-15T18:19:06.910Z", "referencia": "Rack de Sala com Gaveta"}}, {"model": "app.movimentacaoestoque", "pk": 24, "fields": {"material": 12, "tipo": "SAIDA", "quantidade": 2, "data_movimentacao": "2025-12-15T18:19:06.915Z", "referencia": "Rack de Sala com Gaveta"}}, {"model": "app.movimentacaoestoque", "pk": 25, "fields": {"material": 9, "tipo": "SAIDA", "quantidade": 30, "data_movimentacao": "2025-12-15T18:19:06.919Z", "referencia": "Rack de Sala com Gaveta"}}, {"model": "app.movimentacaoestoque", "pk": 26, "fields": {"material": 16, "tipo": "SAIDA", "quantidade": 2, "data_movimentacao": "2025-12-15T18:19:06.924Z", "referencia": "Rack de Sala com Gaveta"}}, {"model": "app.movimentacaoestoque", "pk": 35, "fields": {"material": 10, "tipo": "ENTRADA", "quantidade": 20, "data_movimentacao": "2025-12-15T20:57:59.674Z", "referencia": "Pedido #11"}}, {"model": "app.movimentacaoestoque", "pk": 36, "fields": {"material": 8, "tipo": "ENTRADA", "quantidade": 2, "data_movimentacao": "2025-12-15T20:57:59.681Z", "referencia": "Pedido #11"}}, {"model": "app.movimentacaoestoque", "pk": 37, "fields": {"material": 5, "tipo": "ENTRADA", "quantidade": 1, "data_movimentacao": "2025-12-15T20:57:59.686Z", "referencia": "Pedido #11"}}, {"model": "app.movimentacaoestoque", "pk": 38, "fields": {"material": 7, "tipo": "ENTRADA", "quantidade": 1, "data_movimentacao": "2025-12-15T20:57:59.691Z", "referencia": "Pedido #11"}}, {"model": "app.registroconsumo", "pk": 12, "fields": {"servico": 11, "material": 6, "quantidade_consumida": 1, "data_consumo": "2025-12-15T18:12:28.141Z"}}, {"model": "app.registroconsumo", "pk": 13, "fields": {"servico": 11, "material": 12, "quantidade_consumida": 2, "data_consumo": "2025-12-15T18:12:28.154Z"}}, {"model": "app.registroconsumo", "pk": 14, "fields": {"servico": 11, "material": 9, "quantidade_consumida": 30, "data_consumo": "2025-12-15T18:12:28.158Z"}}, {"model": "app.registroconsumo", "pk": 15, "fields": {"servico": 11, "material": 16, "quantidade_consumida": 2, "data_consumo": "2025-12-15T18:12:28.163Z"}}, {"model": "app.registroconsumo", "pk": 16, "fields": {"servico": 11, "material": 6, "quantidade_consumida": 1, "data_consumo": "2025-12-15T18:19:06.907Z"}}, {"model": "app.registroconsumo", "pk": 17, "fields": {"servico": 11, "material": 12, "quantidade_consumida": 2, "data_consumo": "2025-12-15T18:19:06.914Z"}}, {"model": "app.registroconsumo", "pk": 18, "fields": {"servico": 11, "material": 9, "quantidade_consumida": 30, "data_consumo": "2025-12-15T18:19:06.918Z"}}, {"model": "app.registroconsumo", "pk": 19, "fields": {"servico": 11, "material": 16, "quantidade_consumida": 2, "data_consumo": "2025-12-15T18:19:06.922Z"}}, {"model": "app.registroconsumo", "pk": 20, "fields": {"servico": 12, "material": 5, "quantidade_consumida": 2, "data_consumo": "2025-12-15T20:33:19.107Z"}}, {"model": "app.registroconsumo", "pk": 21, "fields": {"servico": 12, "material": 6, "quantidade_consumida": 5, "data_consumo": "2025-12-15T20:33:19.118Z"}}, {"model": "app.registroconsumo", "pk": 22, "fields": {"servico": 12, "material": 7, "quantidade_consumida": 4, "data_consumo": "2025-12-15T20:33:19.125Z"}}, {"model": "app.registroconsumo", "pk": 23, "fields": {"servico": 12, "material": 11, "quantidade_consumida": 12, "data_consumo": "2025-12-15T20:33:19.133Z"}}, {"model": "app.registroconsumo", "pk": 24, "fields": {"servico": 12, "material": 9, "quantidade_consumida": 100, "data_consumo": "2025-12-15T20:33:19.139Z"}}, {"model": "app.registroconsumo", "pk": 25, "fields": {"servico": 12, "material": 13, "quantidade_consumida": 10, "data_consumo": "2025-12-15T20:33:19.145Z"}}, {"model": "app.registroconsumo", "pk": 26, "fields": {"servico": 12, "material": 14, "quantidade_consumida": 10, "data_consumo": "2025-12-15T20:33:19.153Z"}}, {"model": "app.registroconsumo", "pk": 27, "fields": {"servico": 12, "material": 15, "quantidade_consumida": 2, "data_consumo": "2025-12-15T20:33:19.158Z"}}]
